s, (0.2222222222222222, 0, 0.1111111111111111, 0, 0.2222222222222222),
n, (0, 0.1111111111111111, 0.3333333333333333, 0, 0),
a, (0.1111111111111111, 0.2222222222222222, 0.2222222222222222, 0, 0),
k, (0, 0, 0, 0.1111111111111111, 0.1111111111111111),
e, (0, 0.1111111111111111, 0.1111111111111111, 0.1111111111111111, 0.3333333333333333),
t, (0.1111111111111111, 0.1111111111111111, 0, 0.1111111111111111, 0),
r, (0, 0.1111111111111111, 0.1111111111111111, 0, 0),
c, (0.2222222222222222, 0, 0, 0.1111111111111111, 0),
i, (0.1111111111111111, 0.2222222222222222, 0, 0, 0),
d, (0.1111111111111111, 0, 0, 0.3333333333333333, 0),
y, (0, 0, 0, 0, 0.3333333333333333),
l, (0.1111111111111111, 0, 0, 0.1111111111111111, 0),
p, (0, 0.1111111111111111, 0.1111111111111111, 0, 0),
m, (0, 0, 0, 0.1111111111111111, 0),
